{
    "mydata": [
        {
            "id": 1,
            "title": "Title",
            "price": 299,
            "img": "https://img.freepik.com/free-photo/shirt-mockup-concept-with-plain-clothing_23-2149448751.jpg?t=st=1737451221~exp=1737454821~hmac=38c9a648fff414a6a1e7b7c6c1f1c59452209e32183e8481e905ef72b9d0a9ca&w=1060"
        },
        {
            "id": 2,
            "title": "Title",
            "price": "free",
            "img": "https://img.freepik.com/free-photo/shirt-mockup-concept-with-plain-clothing_23-2149448751.jpg?t=st=1737451221~exp=1737454821~hmac=38c9a648fff414a6a1e7b7c6c1f1c59452209e32183e8481e905ef72b9d0a9ca&w=1060"
        },
        {
            "id": 3,
            "title": "Title",
            "price": "free",
            "img": "https://img.freepik.com/free-photo/shirt-mockup-concept-with-plain-clothing_23-2149448751.jpg?t=st=1737451221~exp=1737454821~hmac=38c9a648fff414a6a1e7b7c6c1f1c59452209e32183e8481e905ef72b9d0a9ca&w=1060"
        },
        {
            "id": 4,
            "title": "Title",
            "price": 299,
            "img": "https://img.freepik.com/free-photo/shirt-mockup-concept-with-plain-clothing_23-2149448751.jpg?t=st=1737451221~exp=1737454821~hmac=38c9a648fff414a6a1e7b7c6c1f1c59452209e32183e8481e905ef72b9d0a9ca&w=1060"
        },
        {
            "id": 5,
            "title": "Title",
            "price": "free",
            "img": "https://img.freepik.com/free-photo/shirt-mockup-concept-with-plain-clothing_23-2149448751.jpg?t=st=1737451221~exp=1737454821~hmac=38c9a648fff414a6a1e7b7c6c1f1c59452209e32183e8481e905ef72b9d0a9ca&w=1060"
        },
        {
            "id": 6,
            "title": "Title",
            "price": "free",
            "img": "https://img.freepik.com/free-photo/shirt-mockup-concept-with-plain-clothing_23-2149448751.jpg?t=st=1737451221~exp=1737454821~hmac=38c9a648fff414a6a1e7b7c6c1f1c59452209e32183e8481e905ef72b9d0a9ca&w=1060"
        },
        {
            "id": 7,
            "title": "Title",
            "price": "free",
            "img": "https://img.freepik.com/free-photo/shirt-mockup-concept-with-plain-clothing_23-2149448751.jpg?t=st=1737451221~exp=1737454821~hmac=38c9a648fff414a6a1e7b7c6c1f1c59452209e32183e8481e905ef72b9d0a9ca&w=1060"
        },
        {
            "id": 8,
            "title": "Title",
            "price": "free",
            "img": "https://img.freepik.com/free-photo/shirt-mockup-concept-with-plain-clothing_23-2149448751.jpg?t=st=1737451221~exp=1737454821~hmac=38c9a648fff414a6a1e7b7c6c1f1c59452209e32183e8481e905ef72b9d0a9ca&w=1060"
        },
        {
            "id": 9,
            "title": "Title",
            "price": "free",
            "img": "https://img.freepik.com/free-photo/shirt-mockup-concept-with-plain-clothing_23-2149448751.jpg?t=st=1737451221~exp=1737454821~hmac=38c9a648fff414a6a1e7b7c6c1f1c59452209e32183e8481e905ef72b9d0a9ca&w=1060"
        },
        {
            "id": 10,
            "title": "Title",
            "price": "free",
            "img": "https://img.freepik.com/free-photo/shirt-mockup-concept-with-plain-clothing_23-2149448751.jpg?t=st=1737451221~exp=1737454821~hmac=38c9a648fff414a6a1e7b7c6c1f1c59452209e32183e8481e905ef72b9d0a9ca&w=1060"
        },
        {
            "id": 11,
            "title": "Title",
            "price": "free",
            "img": "https://img.freepik.com/free-photo/shirt-mockup-concept-with-plain-clothing_23-2149448751.jpg?t=st=1737451221~exp=1737454821~hmac=38c9a648fff414a6a1e7b7c6c1f1c59452209e32183e8481e905ef72b9d0a9ca&w=1060"
        },
        {
            "id": 12,
            "title": "Title",
            "price": "free",
            "img": "https://img.freepik.com/free-photo/shirt-mockup-concept-with-plain-clothing_23-2149448751.jpg?t=st=1737451221~exp=1737454821~hmac=38c9a648fff414a6a1e7b7c6c1f1c59452209e32183e8481e905ef72b9d0a9ca&w=1060"
        }
    ]
}